INSERT INTO departments (id, name)
VALUES
    (1, 'Human Resources'),
    (2, 'Finance'),
    (3, 'Marketing'),
    (4, 'Sales'),
    (5, 'Technology'),
    (6, 'Operations');

INSERT INTO roles (id, title, salary, department_id)
VALUES
    (1, 'Human Resources Manager', 60000, 1),
    (2, 'Human Resources Generalist', 40000, 1),
    (3, 'Chief Financial Officer', 150000, 2),
    (4, 'Finance Controller', 100000, 2),
    (5, 'Marketing Director', 100000, 3),
    (6, 'Digital Marketing Manager', 80000, 3),
    (7, 'Content Marketing Specialist', 60000, 3),
    (8, 'Sales Director', 100000, 4),
    (9, 'Sales Specialist', 50000, 4),
    (10, 'Customer Service Rep', 30000, 4),
    (11, 'Chief Technology Officer', 150000, 5),
    (12, 'Product Manager', 120000, 5),
    (13, 'Software Engineer', 100000, 5),
    (14, 'Operations Manager', 80000, 6),
    (15, 'Operations Specialist', 60000, 6);

INSERT INTO employees (id, first_name, last_name, role_id, manager_id)
VALUES
    (1, 'James', 'Fraser', 1, NULL),
    (2, 'Jack', 'London', 2, 1),
    (3, 'Robert', 'Bruce', 2, 1),
    (4, 'Peter', 'Greenaway', 3, NULL),
    (5, 'Derek', 'Jarman', 4, 4),
    (6, 'Paolo', 'Pasolini', 4, 4),
    (7, 'Heathcote', 'Williams', 4, 4),
    (8, 'Sandy', 'Powell', 5, NULL),
    (9, 'Emil', 'Zola', 6, 8),
    (10, 'Sissy', 'Coalpits', 6, 8),
    (11, 'Antoinette', 'Capet', 6, 8),
    (12, 'Samuel', 'Delany', 6, 8),
    (13, 'Tony', 'Duvert', 6, 8),
    (14, 'Dennis', 'Cooper', 7, 8),
    (15, 'Monica', 'Bellucci', 7, 8),
    (16, 'Samuel', 'Johnson', 7, 8),
    (17, 'John', 'Dryden', 8, NULL),
    (18, 'Alexander', 'Pope', 9, 17),
    (19, 'Lionel', 'Johnson', 9, 17),
    (20, 'Aubrey', 'Beardsley', 9, 17),
    (21, 'Tulse', 'Luper', 9, 17),
    (22, 'William', 'Morris', 9, 17),
    (23, 'George', 'Shaw', 10, 17),
    (24, 'Arnold', 'Bennett', 10, 17),
    (25, 'Algernon', 'Blackwood', 10, 17),
    (26, 'Rhoda', 'Broughton', 10, 17),
    (27, 'Hart', 'Crane', 10, 17),
    (28, 'Vitorio', 'DeSica', 10, 17),
    (29, 'Wilkie', 'Collins', 10, 17),
    (30, 'Elizabeth', 'Gaskell', 11, NULL),
    (31, 'George', 'Sand', 12, 30),
    (32, 'Vernon', 'Lee', 12, 30),
    (33, 'Arthur', 'Machen', 12, 30),
    (34, 'Frederick', 'Marryat', 13, 30),
    (35, 'Harriet', 'Martineau', 13, 30),
    (36, 'George', 'Meredith', 13, 30),
    (37, 'Margaret', 'Oliphant', 13, 30),
    (38, 'Anthony', 'Trollope', 13, 30),
    (39, 'Charlotte', 'Yonge', 13, 30),
    (40, 'Horace', 'Walpole', 13, 30),
    (41, 'Matthew', 'Lewis', 13, 30),
    (42, 'William', 'Bedford', 13, 30),
    (43, 'Anne', 'Radcliffe', 13, 30),
    (44, 'Charles', 'Brown', 13, 30),
    (45, 'Eliza', 'Parsons', 13, 30),
    (46, 'Susan', 'Hill', 14, NULL),
    (47, 'Sydney', 'Owenson', 15, 46),
    (48, 'Hubert', 'Crackanthorpe', 15, 46),
    (49, 'William', 'Carleton', 15, 46),
    (50, 'Gerald', 'Griffin', 15, 46);